threshold,accuracy,missed,step1_share,human_share
0.5,0.64,7,0.44,0.6
0.55,0.64,6,0.38,0.6133333333333333
0.6,0.6333333333333333,5,0.31333333333333335,0.6266666666666667
0.65,0.64,4,0.24666666666666667,0.6333333333333333
0.7,0.6266666666666667,4,0.21333333333333335,0.6466666666666666
0.75,0.62,4,0.2,0.6533333333333333
0.8,0.6066666666666667,4,0.15333333333333332,0.6666666666666666
0.85,0.6066666666666667,2,0.08,0.68
0.9,0.6066666666666667,0,0.006666666666666667,0.6933333333333334
0.95,0.6066666666666667,0,0.0,0.6933333333333334
